.notdef .notdef
NULL NULL uni0000
CR CR uni000D
space space uni0020

mlA mlA uni0D05
mlAA mlAA uni0D06
mlI mlI uni0D07
mlII mlII uni0D08
mlU mlU uni0D09
mlUU mlUU uni0D0A
mlvR mlvR uni0D0B
mlvRR mlvRR uni0D60
mlvL mlvL uni0D0C
mlvLL mlvLL uni0D61
mlE mlE uni0D0E
mlEE mlEE uni0D0F
mlAI mlAI uni0D10
mlO mlO uni0D12
mlOO mlOO uni0D13
mlAU mlAU uni0D14
mlmAA mlmAA uni0D3E
mlmI mlmI uni0D3F
mlmII mlmII uni0D40
mlmU mlmU uni0D41
mlmUU mlmUU uni0D42
mlmvR mlmvR uni0D43
mlmvRR mlmvRR uni0D44
mlmvL mlmvL uni0D62
mlmvLL mlmvLL uni0D63
mlmE mlmE uni0D46
mlmEE mlmEE uni0D47
mlmAI mlmAI uni0D48
mlmO mlmO uni0D4A
mlmOO mlmOO uni0D4B
mlmAU mlmAU uni0D4C
mlAUlengthmark mlAUlengthmark uni0D57
mlKA mlKA uni0D15
mlKHA mlKHA uni0D16
mlGA mlGA uni0D17
mlGHA mlGHA uni0D18
mlNGA mlNGA uni0D19
mlCA mlCA uni0D1A
mlCHA mlCHA uni0D1B
mlJA mlJA uni0D1C
mlJHA mlJHA uni0D1D
mlNYA mlNYA uni0D1E
mlTTA mlTTA uni0D1F
mlTTHA mlTTHA uni0D20
mlDDA mlDDA uni0D21
mlDDHA mlDDHA uni0D22
mlNNA mlNNA uni0D23
mlTA mlTA uni0D24
mlTHA mlTHA uni0D25
mlDA mlDA uni0D26
mlDHA mlDHA uni0D27
mlNA mlNA uni0D28
mlPA mlPA uni0D2A
mlPHA mlPHA uni0D2B
mlBA mlBA uni0D2C
mlBHA mlBHA uni0D2D
mlMA mlMA uni0D2E
mlYA mlYA uni0D2F
mlRA mlRA uni0D30
mlLA mlLA uni0D32
mlVA mlVA uni0D35
mlSHA mlSHA uni0D36
mlSSA mlSSA uni0D37
mlSA mlSA uni0D38
mlHA mlHA uni0D39
mlLLA mlLLA uni0D33
mlLLLA mlLLLA uni0D34
mlRRA mlRRA uni0D31
mlNNNA mlNNNA uni0D29
mlTTTA mlTTTA uni0D3A
mlKchillu mlKchillu uni0D7F
mlNNchillu mlNNchillu uni0D7A
mlNchillu mlNchillu uni0D7B
mlRRchillu mlRRchillu uni0D7C
mlLchillu mlLchillu uni0D7D
mlLLchillu mlLLchillu uni0D7E
mlAnusvara mlAnusvara uni0D02
mlCandrabindu mlCandrabindu uni0D01
mlVisarga mlVisarga uni0D03
mlVirama mlVirama uni0D4D
mlDotreph mlDotreph uni0D4E
mlAvagraha mlAvagraha uni0D3D
mlZero mlZero uni0D66
mlOne mlOne uni0D67
mlTwo mlTwo uni0D68
mlThree mlThree uni0D69
mlFour mlFour uni0D6A
mlFive mlFive uni0D6B
mlSix mlSix uni0D6C
mlSeven mlSeven uni0D6D
mlEight mlEight uni0D6E
mlNine mlNine uni0D6F
mlTen mlTen uni0D70
mlOnehundred mlOnehundred uni0D71
mlOnethousand mlOnethousand uni0D72
mlOnequarter mlOnequarter uni0D73
mlOnehalf mlOnehalf uni0D74
mlThreequarters mlThreequarters uni0D75
mlDatemark mlDatemark uni0D79

danda danda uni0964
doubledanda doubledanda uni0965

indianrupee indianrupee uni20B9

zerowidthnonjoiner zerowidthnonjoiner uni200C
zerowidthjoiner zerowidthjoiner uni200D
dottedcircle dottedcircle uni25CC

ITF ITF

mlKAc2 mlKAc2
mlKHAc2 mlKHAc2
mlGAc2 mlGAc2
mlGHAc2 mlGHAc2
mlNGAc2 mlNGAc2
mlCAc2 mlCAc2
mlCHAc2 mlCHAc2
mlJAc2 mlJAc2
mlJHAc2 mlJHAc2
mlNYAc2 mlNYAc2
mlTTAc2 mlTTAc2
mlTTHAc2 mlTTHAc2
mlDDAc2 mlDDAc2
mlDDHAc2 mlDDHAc2
mlNNAc2 mlNNAc2
mlTAc2 mlTAc2
mlTHAc2 mlTHAc2
mlDAc2 mlDAc2
mlDHAc2 mlDHAc2
mlNAc2 mlNAc2
mlPAc2 mlPAc2
mlPHAc2 mlPHAc2
mlBAc2 mlBAc2
mlBHAc2 mlBHAc2
mlMAc2 mlMAc2
mlYAc2 mlYAc2
mlRAc2 mlRAc2
mlLAc2 mlLAc2
mlLAc2.narrow mlLAc2.narrow
mlVAc2 mlVAc2
mlSHAc2 mlSHAc2
mlSSAc2 mlSSAc2
mlSAc2 mlSAc2
mlHAc2 mlHAc2
mlLLAc2 mlLLAc2
mlLLLAc2 mlLLLAc2
mlRRAc2 mlRRAc2
mlNNNAc2 mlNNNAc2
mlTTTAc2 mlTTTAc2

mlK_KA mlK_KA
mlK_TA mlK_TA
mlK_SSA mlK_SSA
mlG_GA mlG_GA
mlG_NA mlG_NA
mlG_MA mlG_MA
mlNG_KA mlNG_KA
mlNG_NGA mlNG_NGA
mlC_CA mlC_CA
mlC_CHA mlC_CHA
mlJ_JA mlJ_JA
mlJ_NYA mlJ_NYA
mlNY_CA mlNY_CA
mlNY_NYA mlNY_NYA
mlTT_TTA mlTT_TTA
mlDD_DDA mlDD_DDA
mlNN_TTA mlNN_TTA
mlNN_DDA mlNN_DDA
mlNN_NNA mlNN_NNA
mlNN_MA mlNN_MA
mlT_TA mlT_TA
mlT_THA mlT_THA
mlT_BHA mlT_BHA
mlT_MA mlT_MA
mlT_SA mlT_SA
mlD_DA mlD_DA
mlD_DHA mlD_DHA
mlN_TA mlN_TA
mlN_THA mlN_THA
mlN_DA mlN_DA
mlN_DHA mlN_DHA
mlN_NA mlN_NA
mlN_MA mlN_MA
mlNchillu_RRA mlNchillu_RRA
mlP_PA mlP_PA
mlB_DA mlB_DA
mlB_DHA mlB_DHA
mlB_BA mlB_BA
mlM_PA mlM_PA
mlM_MA mlM_MA
mlY_YA mlY_YA
mlV_VA mlV_VA
mlSH_CA mlSH_CA
mlSH_SHA mlSH_SHA
mlSS_TTA mlSS_TTA
mlS_THA mlS_THA
mlS_SA mlS_SA
mlS_RR_RRA mlS_RR_RRA
mlH_NA mlH_NA
mlH_MA mlH_MA
mlRR_RRA mlRR_RRA
mlLL_LLA mlLL_LLA

mlLA.blwf.narrower mlLA.blwf.narrower

mlDoublesign mlDoublesign

# Adobe Latin 3

# space space uni0020 # SPACE
exclam exclam uni0021 # EXCLAMATION MARK
quotedbl quotedbl uni0022 # QUOTATION MARK
numbersign numbersign uni0023 # NUMBER SIGN
dollar dollar uni0024 # DOLLAR SIGN
percent percent uni0025 # PERCENT SIGN
ampersand ampersand uni0026 # AMPERSAND
quotesingle quotesingle uni0027 # APOSTROPHE
parenleft parenleft uni0028 # LEFT PARENTHESIS
parenright parenright uni0029 # RIGHT PARENTHESIS
asterisk asterisk uni002A # ASTERISK
plus plus uni002B # PLUS SIGN
comma comma uni002C # COMMA
hyphen hyphen uni002D # HYPHEN-MINUS
period period uni002E # FULL STOP
slash slash uni002F # SOLIDUS
zero zero uni0030 # DIGIT ZERO
one one uni0031 # DIGIT ONE
two two uni0032 # DIGIT TWO
three three uni0033 # DIGIT THREE
four four uni0034 # DIGIT FOUR
five five uni0035 # DIGIT FIVE
six six uni0036 # DIGIT SIX
seven seven uni0037 # DIGIT SEVEN
eight eight uni0038 # DIGIT EIGHT
nine nine uni0039 # DIGIT NINE
colon colon uni003A # COLON
semicolon semicolon uni003B # SEMICOLON
less less uni003C # LESS-THAN SIGN
equal equal uni003D # EQUALS SIGN
greater greater uni003E # GREATER-THAN SIGN
question question uni003F # QUESTION MARK
at at uni0040 # COMMERCIAL AT
A A uni0041 # LATIN CAPITAL LETTER A
B B uni0042 # LATIN CAPITAL LETTER B
C C uni0043 # LATIN CAPITAL LETTER C
D D uni0044 # LATIN CAPITAL LETTER D
E E uni0045 # LATIN CAPITAL LETTER E
F F uni0046 # LATIN CAPITAL LETTER F
G G uni0047 # LATIN CAPITAL LETTER G
H H uni0048 # LATIN CAPITAL LETTER H
I I uni0049 # LATIN CAPITAL LETTER I
J J uni004A # LATIN CAPITAL LETTER J
K K uni004B # LATIN CAPITAL LETTER K
L L uni004C # LATIN CAPITAL LETTER L
M M uni004D # LATIN CAPITAL LETTER M
N N uni004E # LATIN CAPITAL LETTER N
O O uni004F # LATIN CAPITAL LETTER O
P P uni0050 # LATIN CAPITAL LETTER P
Q Q uni0051 # LATIN CAPITAL LETTER Q
R R uni0052 # LATIN CAPITAL LETTER R
S S uni0053 # LATIN CAPITAL LETTER S
T T uni0054 # LATIN CAPITAL LETTER T
U U uni0055 # LATIN CAPITAL LETTER U
V V uni0056 # LATIN CAPITAL LETTER V
W W uni0057 # LATIN CAPITAL LETTER W
X X uni0058 # LATIN CAPITAL LETTER X
Y Y uni0059 # LATIN CAPITAL LETTER Y
Z Z uni005A # LATIN CAPITAL LETTER Z
bracketleft bracketleft uni005B # LEFT SQUARE BRACKET
backslash backslash uni005C # REVERSE SOLIDUS
bracketright bracketright uni005D # RIGHT SQUARE BRACKET
asciicircum asciicircum uni005E # CIRCUMFLEX ACCENT
underscore underscore uni005F # LOW LINE
grave grave uni0060 # GRAVE ACCENT
a a uni0061 # LATIN SMALL LETTER A
b b uni0062 # LATIN SMALL LETTER B
c c uni0063 # LATIN SMALL LETTER C
d d uni0064 # LATIN SMALL LETTER D
e e uni0065 # LATIN SMALL LETTER E
f f uni0066 # LATIN SMALL LETTER F
g g uni0067 # LATIN SMALL LETTER G
h h uni0068 # LATIN SMALL LETTER H
i i uni0069 # LATIN SMALL LETTER I
j j uni006A # LATIN SMALL LETTER J
k k uni006B # LATIN SMALL LETTER K
l l uni006C # LATIN SMALL LETTER L
m m uni006D # LATIN SMALL LETTER M
n n uni006E # LATIN SMALL LETTER N
o o uni006F # LATIN SMALL LETTER O
p p uni0070 # LATIN SMALL LETTER P
q q uni0071 # LATIN SMALL LETTER Q
r r uni0072 # LATIN SMALL LETTER R
s s uni0073 # LATIN SMALL LETTER S
t t uni0074 # LATIN SMALL LETTER T
u u uni0075 # LATIN SMALL LETTER U
v v uni0076 # LATIN SMALL LETTER V
w w uni0077 # LATIN SMALL LETTER W
x x uni0078 # LATIN SMALL LETTER X
y y uni0079 # LATIN SMALL LETTER Y
z z uni007A # LATIN SMALL LETTER Z
braceleft braceleft uni007B # LEFT CURLY BRACKET
bar bar uni007C # VERTICAL LINE
braceright braceright uni007D # RIGHT CURLY BRACKET
asciitilde asciitilde uni007E # TILDE
uni00A0 nonbreakingspace uni00A0 # NO-BREAK SPACE
exclamdown exclamdown uni00A1 # INVERTED EXCLAMATION MARK
cent cent uni00A2 # CENT SIGN
sterling sterling uni00A3 # POUND SIGN
currency currency uni00A4 # CURRENCY SIGN
yen yen uni00A5 # YEN SIGN
brokenbar brokenbar uni00A6 # BROKEN BAR
section section uni00A7 # SECTION SIGN
dieresis dieresis uni00A8 # DIAERESIS
copyright copyright uni00A9 # COPYRIGHT SIGN
ordfeminine ordfeminine uni00AA # FEMININE ORDINAL INDICATOR
guillemotleft guillemotleft uni00AB # LEFT-POINTING DOUBLE ANGLE QUOTATION MARK
logicalnot logicalnot uni00AC # NOT SIGN
uni00AD softhyphen uni00AD # SOFT HYPHEN
registered registered uni00AE # REGISTERED SIGN
macron macron uni00AF # MACRON
degree degree uni00B0 # DEGREE SIGN
plusminus plusminus uni00B1 # PLUS-MINUS SIGN
twosuperior two.superior uni00B2 # SUPERSCRIPT TWO
threesuperior three.superior uni00B3 # SUPERSCRIPT THREE
acute acute uni00B4 # ACUTE ACCENT
uni00B5 mu.math uni00B5 # MICRO SIGN
paragraph paragraph uni00B6 # PILCROW SIGN
periodcentered periodcentered uni00B7 # MIDDLE DOT
cedilla cedilla uni00B8 # CEDILLA
onesuperior one.superior uni00B9 # SUPERSCRIPT ONE
ordmasculine ordmasculine uni00BA # MASCULINE ORDINAL INDICATOR
guillemotright guillemotright uni00BB # RIGHT-POINTING DOUBLE ANGLE QUOTATION MARK
onequarter onequarter uni00BC # VULGAR FRACTION ONE QUARTER
onehalf onehalf uni00BD # VULGAR FRACTION ONE HALF
threequarters threequarters uni00BE # VULGAR FRACTION THREE QUARTERS
questiondown questiondown uni00BF # INVERTED QUESTION MARK
Agrave Agrave uni00C0 # LATIN CAPITAL LETTER A WITH GRAVE
Aacute Aacute uni00C1 # LATIN CAPITAL LETTER A WITH ACUTE
Acircumflex Acircumflex uni00C2 # LATIN CAPITAL LETTER A WITH CIRCUMFLEX
Atilde Atilde uni00C3 # LATIN CAPITAL LETTER A WITH TILDE
Adieresis Adieresis uni00C4 # LATIN CAPITAL LETTER A WITH DIAERESIS
Aring Aring uni00C5 # LATIN CAPITAL LETTER A WITH RING ABOVE
AE AE uni00C6 # LATIN CAPITAL LETTER AE
Ccedilla Ccedilla uni00C7 # LATIN CAPITAL LETTER C WITH CEDILLA
Egrave Egrave uni00C8 # LATIN CAPITAL LETTER E WITH GRAVE
Eacute Eacute uni00C9 # LATIN CAPITAL LETTER E WITH ACUTE
Ecircumflex Ecircumflex uni00CA # LATIN CAPITAL LETTER E WITH CIRCUMFLEX
Edieresis Edieresis uni00CB # LATIN CAPITAL LETTER E WITH DIAERESIS
Igrave Igrave uni00CC # LATIN CAPITAL LETTER I WITH GRAVE
Iacute Iacute uni00CD # LATIN CAPITAL LETTER I WITH ACUTE
Icircumflex Icircumflex uni00CE # LATIN CAPITAL LETTER I WITH CIRCUMFLEX
Idieresis Idieresis uni00CF # LATIN CAPITAL LETTER I WITH DIAERESIS
Eth Eth uni00D0 # LATIN CAPITAL LETTER ETH
Ntilde Ntilde uni00D1 # LATIN CAPITAL LETTER N WITH TILDE
Ograve Ograve uni00D2 # LATIN CAPITAL LETTER O WITH GRAVE
Oacute Oacute uni00D3 # LATIN CAPITAL LETTER O WITH ACUTE
Ocircumflex Ocircumflex uni00D4 # LATIN CAPITAL LETTER O WITH CIRCUMFLEX
Otilde Otilde uni00D5 # LATIN CAPITAL LETTER O WITH TILDE
Odieresis Odieresis uni00D6 # LATIN CAPITAL LETTER O WITH DIAERESIS
multiply multiply uni00D7 # MULTIPLICATION SIGN
Oslash Oslash uni00D8 # LATIN CAPITAL LETTER O WITH STROKE
Ugrave Ugrave uni00D9 # LATIN CAPITAL LETTER U WITH GRAVE
Uacute Uacute uni00DA # LATIN CAPITAL LETTER U WITH ACUTE
Ucircumflex Ucircumflex uni00DB # LATIN CAPITAL LETTER U WITH CIRCUMFLEX
Udieresis Udieresis uni00DC # LATIN CAPITAL LETTER U WITH DIAERESIS
Yacute Yacute uni00DD # LATIN CAPITAL LETTER Y WITH ACUTE
Thorn Thorn uni00DE # LATIN CAPITAL LETTER THORN
germandbls germandbls uni00DF # LATIN SMALL LETTER SHARP S
agrave agrave uni00E0 # LATIN SMALL LETTER A WITH GRAVE
aacute aacute uni00E1 # LATIN SMALL LETTER A WITH ACUTE
acircumflex acircumflex uni00E2 # LATIN SMALL LETTER A WITH CIRCUMFLEX
atilde atilde uni00E3 # LATIN SMALL LETTER A WITH TILDE
adieresis adieresis uni00E4 # LATIN SMALL LETTER A WITH DIAERESIS
aring aring uni00E5 # LATIN SMALL LETTER A WITH RING ABOVE
ae ae uni00E6 # LATIN SMALL LETTER AE
ccedilla ccedilla uni00E7 # LATIN SMALL LETTER C WITH CEDILLA
egrave egrave uni00E8 # LATIN SMALL LETTER E WITH GRAVE
eacute eacute uni00E9 # LATIN SMALL LETTER E WITH ACUTE
ecircumflex ecircumflex uni00EA # LATIN SMALL LETTER E WITH CIRCUMFLEX
edieresis edieresis uni00EB # LATIN SMALL LETTER E WITH DIAERESIS
igrave igrave uni00EC # LATIN SMALL LETTER I WITH GRAVE
iacute iacute uni00ED # LATIN SMALL LETTER I WITH ACUTE
icircumflex icircumflex uni00EE # LATIN SMALL LETTER I WITH CIRCUMFLEX
idieresis idieresis uni00EF # LATIN SMALL LETTER I WITH DIAERESIS
eth eth uni00F0 # LATIN SMALL LETTER ETH
ntilde ntilde uni00F1 # LATIN SMALL LETTER N WITH TILDE
ograve ograve uni00F2 # LATIN SMALL LETTER O WITH GRAVE
oacute oacute uni00F3 # LATIN SMALL LETTER O WITH ACUTE
ocircumflex ocircumflex uni00F4 # LATIN SMALL LETTER O WITH CIRCUMFLEX
otilde otilde uni00F5 # LATIN SMALL LETTER O WITH TILDE
odieresis odieresis uni00F6 # LATIN SMALL LETTER O WITH DIAERESIS
divide divide uni00F7 # DIVISION SIGN
oslash oslash uni00F8 # LATIN SMALL LETTER O WITH STROKE
ugrave ugrave uni00F9 # LATIN SMALL LETTER U WITH GRAVE
uacute uacute uni00FA # LATIN SMALL LETTER U WITH ACUTE
ucircumflex ucircumflex uni00FB # LATIN SMALL LETTER U WITH CIRCUMFLEX
udieresis udieresis uni00FC # LATIN SMALL LETTER U WITH DIAERESIS
yacute yacute uni00FD # LATIN SMALL LETTER Y WITH ACUTE
thorn thorn uni00FE # LATIN SMALL LETTER THORN
ydieresis ydieresis uni00FF # LATIN SMALL LETTER Y WITH DIAERESIS
Amacron Amacron uni0100 # LATIN CAPITAL LETTER A WITH MACRON
amacron amacron uni0101 # LATIN SMALL LETTER A WITH MACRON
Abreve Abreve uni0102 # LATIN CAPITAL LETTER A WITH BREVE
abreve abreve uni0103 # LATIN SMALL LETTER A WITH BREVE
Aogonek Aogonek uni0104 # LATIN CAPITAL LETTER A WITH OGONEK
aogonek aogonek uni0105 # LATIN SMALL LETTER A WITH OGONEK
Cacute Cacute uni0106 # LATIN CAPITAL LETTER C WITH ACUTE
cacute cacute uni0107 # LATIN SMALL LETTER C WITH ACUTE
Ccaron Ccaron uni010C # LATIN CAPITAL LETTER C WITH CARON
ccaron ccaron uni010D # LATIN SMALL LETTER C WITH CARON
Dcaron Dcaron uni010E # LATIN CAPITAL LETTER D WITH CARON
dcaron dcaron uni010F # LATIN SMALL LETTER D WITH CARON
Dcroat Dcroat uni0110 # LATIN CAPITAL LETTER D WITH STROKE
dcroat dcroat uni0111 # LATIN SMALL LETTER D WITH STROKE
Emacron Emacron uni0112 # LATIN CAPITAL LETTER E WITH MACRON
emacron emacron uni0113 # LATIN SMALL LETTER E WITH MACRON
Edotaccent Edotaccent uni0116 # LATIN CAPITAL LETTER E WITH DOT ABOVE
edotaccent edotaccent uni0117 # LATIN SMALL LETTER E WITH DOT ABOVE
Eogonek Eogonek uni0118 # LATIN CAPITAL LETTER E WITH OGONEK
eogonek eogonek uni0119 # LATIN SMALL LETTER E WITH OGONEK
Ecaron Ecaron uni011A # LATIN CAPITAL LETTER E WITH CARON
ecaron ecaron uni011B # LATIN SMALL LETTER E WITH CARON
Gbreve Gbreve uni011E # LATIN CAPITAL LETTER G WITH BREVE
gbreve gbreve uni011F # LATIN SMALL LETTER G WITH BREVE
uni0122 Gcommaaccent uni0122 # LATIN CAPITAL LETTER G WITH CEDILLA
uni0123 gcommaaccent uni0123 # LATIN SMALL LETTER G WITH CEDILLA
Imacron Imacron uni012A # LATIN CAPITAL LETTER I WITH MACRON
imacron imacron uni012B # LATIN SMALL LETTER I WITH MACRON
Iogonek Iogonek uni012E # LATIN CAPITAL LETTER I WITH OGONEK
iogonek iogonek uni012F # LATIN SMALL LETTER I WITH OGONEK
Idotaccent Idotaccent uni0130 # LATIN CAPITAL LETTER I WITH DOT ABOVE
dotlessi dotlessi uni0131 # LATIN SMALL LETTER DOTLESS I
uni0136 Kcommaaccent uni0136 # LATIN CAPITAL LETTER K WITH CEDILLA
uni0137 kcommaaccent uni0137 # LATIN SMALL LETTER K WITH CEDILLA
Lacute Lacute uni0139 # LATIN CAPITAL LETTER L WITH ACUTE
lacute lacute uni013A # LATIN SMALL LETTER L WITH ACUTE
uni013B Lcommaaccent uni013B # LATIN CAPITAL LETTER L WITH CEDILLA
uni013C lcommaaccent uni013C # LATIN SMALL LETTER L WITH CEDILLA
Lcaron Lcaron uni013D # LATIN CAPITAL LETTER L WITH CARON
lcaron lcaron uni013E # LATIN SMALL LETTER L WITH CARON
Lslash Lslash uni0141 # LATIN CAPITAL LETTER L WITH STROKE
lslash lslash uni0142 # LATIN SMALL LETTER L WITH STROKE
Nacute Nacute uni0143 # LATIN CAPITAL LETTER N WITH ACUTE
nacute nacute uni0144 # LATIN SMALL LETTER N WITH ACUTE
uni0145 Ncommaaccent uni0145 # LATIN CAPITAL LETTER N WITH CEDILLA
uni0146 ncommaaccent uni0146 # LATIN SMALL LETTER N WITH CEDILLA
Ncaron Ncaron uni0147 # LATIN CAPITAL LETTER N WITH CARON
ncaron ncaron uni0148 # LATIN SMALL LETTER N WITH CARON
Omacron Omacron uni014C # LATIN CAPITAL LETTER O WITH MACRON
omacron omacron uni014D # LATIN SMALL LETTER O WITH MACRON
Ohungarumlaut Ohungarumlaut uni0150 # LATIN CAPITAL LETTER O WITH DOUBLE ACUTE
ohungarumlaut ohungarumlaut uni0151 # LATIN SMALL LETTER O WITH DOUBLE ACUTE
OE OE uni0152 # LATIN CAPITAL LIGATURE OE
oe oe uni0153 # LATIN SMALL LIGATURE OE
Racute Racute uni0154 # LATIN CAPITAL LETTER R WITH ACUTE
racute racute uni0155 # LATIN SMALL LETTER R WITH ACUTE
uni0156 Rcommaaccent uni0156 # LATIN CAPITAL LETTER R WITH CEDILLA
uni0157 rcommaaccent uni0157 # LATIN SMALL LETTER R WITH CEDILLA
Rcaron Rcaron uni0158 # LATIN CAPITAL LETTER R WITH CARON
rcaron rcaron uni0159 # LATIN SMALL LETTER R WITH CARON
Sacute Sacute uni015A # LATIN CAPITAL LETTER S WITH ACUTE
sacute sacute uni015B # LATIN SMALL LETTER S WITH ACUTE
uni015E Scedilla uni015E # LATIN CAPITAL LETTER S WITH CEDILLA
uni015F scedilla uni015F # LATIN SMALL LETTER S WITH CEDILLA
Scaron Scaron uni0160 # LATIN CAPITAL LETTER S WITH CARON
scaron scaron uni0161 # LATIN SMALL LETTER S WITH CARON
uni0162 Tcedilla uni0162 # LATIN CAPITAL LETTER T WITH CEDILLA
uni0163 tcedilla uni0163 # LATIN SMALL LETTER T WITH CEDILLA
Tcaron Tcaron uni0164 # LATIN CAPITAL LETTER T WITH CARON
tcaron tcaron uni0165 # LATIN SMALL LETTER T WITH CARON
Umacron Umacron uni016A # LATIN CAPITAL LETTER U WITH MACRON
umacron umacron uni016B # LATIN SMALL LETTER U WITH MACRON
Uring Uring uni016E # LATIN CAPITAL LETTER U WITH RING ABOVE
uring uring uni016F # LATIN SMALL LETTER U WITH RING ABOVE
Uhungarumlaut Uhungarumlaut uni0170 # LATIN CAPITAL LETTER U WITH DOUBLE ACUTE
uhungarumlaut uhungarumlaut uni0171 # LATIN SMALL LETTER U WITH DOUBLE ACUTE
Uogonek Uogonek uni0172 # LATIN CAPITAL LETTER U WITH OGONEK
uogonek uogonek uni0173 # LATIN SMALL LETTER U WITH OGONEK
Ydieresis Ydieresis uni0178 # LATIN CAPITAL LETTER Y WITH DIAERESIS
Zacute Zacute uni0179 # LATIN CAPITAL LETTER Z WITH ACUTE
zacute zacute uni017A # LATIN SMALL LETTER Z WITH ACUTE
Zdotaccent Zdotaccent uni017B # LATIN CAPITAL LETTER Z WITH DOT ABOVE
zdotaccent zdotaccent uni017C # LATIN SMALL LETTER Z WITH DOT ABOVE
Zcaron Zcaron uni017D # LATIN CAPITAL LETTER Z WITH CARON
zcaron zcaron uni017E # LATIN SMALL LETTER Z WITH CARON
florin florin uni0192 # LATIN SMALL LETTER F WITH HOOK
uni0218 Scommaaccent uni0218 # LATIN CAPITAL LETTER S WITH COMMA BELOW
uni0219 scommaaccent uni0219 # LATIN SMALL LETTER S WITH COMMA BELOW
uni021A Tcommaaccent uni021A # LATIN CAPITAL LETTER T WITH COMMA BELOW
uni021B tcommaaccent uni021B # LATIN SMALL LETTER T WITH COMMA BELOW
circumflex circumflex uni02C6 # MODIFIER LETTER CIRCUMFLEX ACCENT
caron caron uni02C7 # CARON
uni02C9 macronmod uni02C9 # MODIFIER LETTER MACRON
breve breve uni02D8 # BREVE
dotaccent dotaccent uni02D9 # DOT ABOVE
ring ring uni02DA # RING ABOVE
ogonek ogonek uni02DB # OGONEK
tilde tilde uni02DC # SMALL TILDE
hungarumlaut hungarumlaut uni02DD # DOUBLE ACUTE ACCENT
pi pi uni03C0 # GREEK SMALL LETTER PI
endash endash uni2013 # EN DASH
emdash emdash uni2014 # EM DASH
quoteleft quoteleft uni2018 # LEFT SINGLE QUOTATION MARK
quoteright quoteright uni2019 # RIGHT SINGLE QUOTATION MARK
quotesinglbase quotesinglbase uni201A # SINGLE LOW-9 QUOTATION MARK
quotedblleft quotedblleft uni201C # LEFT DOUBLE QUOTATION MARK
quotedblright quotedblright uni201D # RIGHT DOUBLE QUOTATION MARK
quotedblbase quotedblbase uni201E # DOUBLE LOW-9 QUOTATION MARK
dagger dagger uni2020 # DAGGER
daggerdbl daggerdbl uni2021 # DOUBLE DAGGER
bullet bullet uni2022 # BULLET
ellipsis ellipsis uni2026 # HORIZONTAL ELLIPSIS
perthousand perthousand uni2030 # PER MILLE SIGN
guilsinglleft guilsinglleft uni2039 # SINGLE LEFT-POINTING ANGLE QUOTATION MARK
guilsinglright guilsinglright uni203A # SINGLE RIGHT-POINTING ANGLE QUOTATION MARK
fraction fraction uni2044 # FRACTION SLASH
Euro Euro uni20AC # EURO SIGN
uni20BA turkishlira uni20BA # TURKISH LIRA SIGN
uni20BD ruble uni20BD # RUBLE SIGN
uni2113 litre uni2113 # SCRIPT SMALL L
trademark trademark uni2122 # TRADE MARK SIGN
uni2126 Omega.math uni2126 # OHM SIGN
estimated estimated uni212E # ESTIMATED SYMBOL
partialdiff partialdiff uni2202 # PARTIAL DIFFERENTIAL
uni2206 Delta.math uni2206 # INCREMENT
product product uni220F # N-ARY PRODUCT
summation summation uni2211 # N-ARY SUMMATION
minus minus uni2212 # MINUS SIGN
uni2215 divisionslash uni2215 # DIVISION SLASH
uni2219 bulletoperator uni2219 # BULLET OPERATOR
radical radical uni221A # SQUARE ROOT
infinity infinity uni221E # INFINITY
integral integral uni222B # INTEGRAL
approxequal approxequal uni2248 # ALMOST EQUAL TO
notequal notequal uni2260 # NOT EQUAL TO
lessequal lessequal uni2264 # LESS-THAN OR EQUAL TO
greaterequal greaterequal uni2265 # GREATER-THAN OR EQUAL TO
lozenge lozenge uni25CA # LOZENGE
fi fi uniFB01 # LATIN SMALL LIGATURE FI
fl fl uniFB02 # LATIN SMALL LIGATURE FL
